rebalance_date,training_start,training_end,holding_end,n_training_observations,n_active_assets,turnover,transaction_cost,solver_success,used_fallback,solver_message,fund,asset_family,method
2021-01-04,2020-01-03,2020-12-31,2021-02-02,252,50,1.0,0.001,True,False,Deterministic equal-weight rule.,NexaVest Equity Equal Weight,Equity,equal_weight
2021-02-03,2020-02-04,2021-02-02,2021-03-04,252,50,0.0,0.0,True,False,Deterministic equal-weight rule.,NexaVest Equity Equal Weight,Equity,equal_weight
2021-03-05,2020-03-05,2021-03-04,2021-04-05,252,50,0.0,0.0,True,False,Deterministic equal-weight rule.,NexaVest Equity Equal Weight,Equity,equal_weight
2021-04-06,2020-04-03,2021-04-05,2021-05-04,252,50,0.0,0.0,True,False,Deterministic equal-weight rule.,NexaVest Equity Equal Weight,Equity,equal_weight
2021-05-05,2020-05-05,2021-05-04,2021-06-03,252,50,0.0,0.0,True,False,Deterministic equal-weight rule.,NexaVest Equity Equal Weight,Equity,equal_weight
2021-06-04,2020-06-04,2021-06-03,2021-07-02,252,50,0.0,0.0,True,False,Deterministic equal-weight rule.,NexaVest Equity Equal Weight,Equity,equal_weight
2021-07-06,2020-07-06,2021-07-02,2021-08-03,252,50,0.0,0.0,True,False,Deterministic equal-weight rule.,NexaVest Equity Equal Weight,Equity,equal_weight
2021-08-04,2020-08-04,2021-08-03,2021-09-01,252,50,0.0,0.0,True,False,Deterministic equal-weight rule.,NexaVest Equity Equal Weight,Equity,equal_weight
2021-09-02,2020-09-02,2021-09-01,2021-10-01,252,50,0.0,0.0,True,False,Deterministic equal-weight rule.,NexaVest Equity Equal Weight,Equity,equal_weight
2021-10-04,2020-10-02,2021-10-01,2021-11-01,252,50,0.0,0.0,True,False,Deterministic equal-weight rule.,NexaVest Equity Equal Weight,Equity,equal_weight
2021-11-02,2020-11-02,2021-11-01,2021-12-01,252,50,0.0,0.0,True,False,Deterministic equal-weight rule.,NexaVest Equity Equal Weight,Equity,equal_weight
2021-12-02,2020-12-02,2021-12-01,2021-12-31,252,50,0.0,0.0,True,False,Deterministic equal-weight rule.,NexaVest Equity Equal Weight,Equity,equal_weight
2022-01-03,2021-01-04,2021-12-31,2022-02-01,252,50,0.0,0.0,True,False,Deterministic equal-weight rule.,NexaVest Equity Equal Weight,Equity,equal_weight
2022-02-02,2021-02-03,2022-02-01,2022-03-03,252,50,0.0,0.0,True,False,Deterministic equal-weight rule.,NexaVest Equity Equal Weight,Equity,equal_weight
2022-03-04,2021-03-05,2022-03-03,2022-04-01,252,50,0.0,0.0,True,False,Deterministic equal-weight rule.,NexaVest Equity Equal Weight,Equity,equal_weight
2022-04-04,2021-04-06,2022-04-01,2022-05-03,252,50,0.0,0.0,True,False,Deterministic equal-weight rule.,NexaVest Equity Equal Weight,Equity,equal_weight
2022-05-04,2021-05-05,2022-05-03,2022-06-02,252,50,0.0,0.0,True,False,Deterministic equal-weight rule.,NexaVest Equity Equal Weight,Equity,equal_weight
2022-06-03,2021-06-04,2022-06-02,2022-07-05,252,50,0.0,0.0,True,False,Deterministic equal-weight rule.,NexaVest Equity Equal Weight,Equity,equal_weight
2022-07-06,2021-07-06,2022-07-05,2022-08-03,252,50,0.0,0.0,True,False,Deterministic equal-weight rule.,NexaVest Equity Equal Weight,Equity,equal_weight
2022-08-04,2021-08-04,2022-08-03,2022-09-01,252,50,0.0,0.0,True,False,Deterministic equal-weight rule.,NexaVest Equity Equal Weight,Equity,equal_weight
2022-09-02,2021-09-02,2022-09-01,2022-10-03,252,50,0.0,0.0,True,False,Deterministic equal-weight rule.,NexaVest Equity Equal Weight,Equity,equal_weight
2022-10-04,2021-10-04,2022-10-03,2022-11-01,252,50,0.0,0.0,True,False,Deterministic equal-weight rule.,NexaVest Equity Equal Weight,Equity,equal_weight
2022-11-02,2021-11-02,2022-11-01,2022-12-01,252,50,0.0,0.0,True,False,Deterministic equal-weight rule.,NexaVest Equity Equal Weight,Equity,equal_weight
2022-12-02,2021-12-02,2022-12-01,2023-01-03,252,50,0.0,0.0,True,False,Deterministic equal-weight rule.,NexaVest Equity Equal Weight,Equity,equal_weight
2023-01-04,2022-01-03,2023-01-03,2023-02-02,252,50,0.0,0.0,True,False,Deterministic equal-weight rule.,NexaVest Equity Equal Weight,Equity,equal_weight
2023-02-03,2022-02-02,2023-02-02,2023-03-06,252,50,0.0,0.0,True,False,Deterministic equal-weight rule.,NexaVest Equity Equal Weight,Equity,equal_weight
2023-03-07,2022-03-04,2023-03-06,2023-04-04,252,50,0.0,0.0,True,False,Deterministic equal-weight rule.,NexaVest Equity Equal Weight,Equity,equal_weight
2023-04-05,2022-04-04,2023-04-04,2023-05-04,252,50,0.0,0.0,True,False,Deterministic equal-weight rule.,NexaVest Equity Equal Weight,Equity,equal_weight
2023-05-05,2022-05-04,2023-05-04,2023-06-05,252,50,0.0,0.0,True,False,Deterministic equal-weight rule.,NexaVest Equity Equal Weight,Equity,equal_weight
2023-06-06,2022-06-03,2023-06-05,2023-07-06,252,50,0.0,0.0,True,False,Deterministic equal-weight rule.,NexaVest Equity Equal Weight,Equity,equal_weight
2023-07-07,2022-07-06,2023-07-06,2023-08-04,252,50,0.0,0.0,True,False,Deterministic equal-weight rule.,NexaVest Equity Equal Weight,Equity,equal_weight
2023-08-07,2022-08-04,2023-08-04,2023-09-05,252,50,0.0,0.0,True,False,Deterministic equal-weight rule.,NexaVest Equity Equal Weight,Equity,equal_weight
2023-09-06,2022-09-02,2023-09-05,2023-10-04,252,50,0.0,0.0,True,False,Deterministic equal-weight rule.,NexaVest Equity Equal Weight,Equity,equal_weight
2023-10-05,2022-10-04,2023-10-04,2023-11-02,252,50,0.0,0.0,True,False,Deterministic equal-weight rule.,NexaVest Equity Equal Weight,Equity,equal_weight
2023-11-03,2022-11-02,2023-11-02,2023-12-04,252,50,0.0,0.0,True,False,Deterministic equal-weight rule.,NexaVest Equity Equal Weight,Equity,equal_weight
2023-12-05,2022-12-02,2023-12-04,2023-12-29,252,50,0.0,0.0,True,False,Deterministic equal-weight rule.,NexaVest Equity Equal Weight,Equity,equal_weight
2021-01-04,2020-01-03,2020-12-31,2021-02-02,252,50,1.0,0.001,True,False,Optimization terminated successfully,NexaVest Equity Minimum Variance,Equity,min_variance
2021-02-03,2020-02-04,2021-02-02,2021-03-04,252,50,0.009070206228607807,9.070206228607807e-06,True,False,Optimization terminated successfully,NexaVest Equity Minimum Variance,Equity,min_variance
2021-03-05,2020-03-05,2021-03-04,2021-04-05,252,50,0.03161916818658376,3.1619168186583756e-05,True,False,Optimization terminated successfully,NexaVest Equity Minimum Variance,Equity,min_variance
2021-04-06,2020-04-03,2021-04-05,2021-05-04,252,50,0.1834707522177424,0.0001834707522177424,True,False,Optimization terminated successfully,NexaVest Equity Minimum Variance,Equity,min_variance
2021-05-05,2020-05-05,2021-05-04,2021-06-03,252,50,0.13285469068356415,0.00013285469068356415,True,False,Optimization terminated successfully,NexaVest Equity Minimum Variance,Equity,min_variance
2021-06-04,2020-06-04,2021-06-03,2021-07-02,252,50,0.08542555269889174,8.542555269889174e-05,True,False,Optimization terminated successfully,NexaVest Equity Minimum Variance,Equity,min_variance
2021-07-06,2020-07-06,2021-07-02,2021-08-03,252,50,0.13937468061279687,0.00013937468061279689,True,False,Optimization terminated successfully,NexaVest Equity Minimum Variance,Equity,min_variance
2021-08-04,2020-08-04,2021-08-03,2021-09-01,252,50,0.051426088502572034,5.142608850257203e-05,True,False,Optimization terminated successfully,NexaVest Equity Minimum Variance,Equity,min_variance
2021-09-02,2020-09-02,2021-09-01,2021-10-01,252,50,0.05090070754433117,5.090070754433117e-05,True,False,Optimization terminated successfully,NexaVest Equity Minimum Variance,Equity,min_variance
2021-10-04,2020-10-02,2021-10-01,2021-11-01,252,50,0.16999298223424142,0.00016999298223424142,True,False,Optimization terminated successfully,NexaVest Equity Minimum Variance,Equity,min_variance
2021-11-02,2020-11-02,2021-11-01,2021-12-01,252,50,0.10541486228434568,0.00010541486228434568,True,False,Optimization terminated successfully,NexaVest Equity Minimum Variance,Equity,min_variance
2021-12-02,2020-12-02,2021-12-01,2021-12-31,252,50,0.17629876883544532,0.00017629876883544534,True,False,Optimization terminated successfully,NexaVest Equity Minimum Variance,Equity,min_variance
2022-01-03,2021-01-04,2021-12-31,2022-02-01,252,50,0.11019658760636349,0.00011019658760636348,True,False,Optimization terminated successfully,NexaVest Equity Minimum Variance,Equity,min_variance
2022-02-02,2021-02-03,2022-02-01,2022-03-03,252,50,0.28405765105972536,0.0002840576510597254,True,False,Optimization terminated successfully,NexaVest Equity Minimum Variance,Equity,min_variance
2022-03-04,2021-03-05,2022-03-03,2022-04-01,252,50,0.21282129433048366,0.00021282129433048365,True,False,Optimization terminated successfully,NexaVest Equity Minimum Variance,Equity,min_variance
2022-04-04,2021-04-06,2022-04-01,2022-05-03,252,50,0.13733009798758805,0.00013733009798758803,True,False,Optimization terminated successfully,NexaVest Equity Minimum Variance,Equity,min_variance
2022-05-04,2021-05-05,2022-05-03,2022-06-02,252,50,0.18858262912493567,0.00018858262912493568,True,False,Optimization terminated successfully,NexaVest Equity Minimum Variance,Equity,min_variance
2022-06-03,2021-06-04,2022-06-02,2022-07-05,252,50,0.19212607638365176,0.00019212607638365175,True,False,Optimization terminated successfully,NexaVest Equity Minimum Variance,Equity,min_variance
2022-07-06,2021-07-06,2022-07-05,2022-08-03,252,50,0.1464886081408579,0.0001464886081408579,True,False,Optimization terminated successfully,NexaVest Equity Minimum Variance,Equity,min_variance
2022-08-04,2021-08-04,2022-08-03,2022-09-01,252,50,0.05426191882729045,5.426191882729046e-05,True,False,Optimization terminated successfully,NexaVest Equity Minimum Variance,Equity,min_variance
2022-09-02,2021-09-02,2022-09-01,2022-10-03,252,50,0.1015130915853598,0.0001015130915853598,True,False,Optimization terminated successfully,NexaVest Equity Minimum Variance,Equity,min_variance
2022-10-04,2021-10-04,2022-10-03,2022-11-01,252,50,0.16419417220797788,0.00016419417220797788,True,False,Optimization terminated successfully,NexaVest Equity Minimum Variance,Equity,min_variance
2022-11-02,2021-11-02,2022-11-01,2022-12-01,252,50,0.0701315873051461,7.013158730514611e-05,True,False,Optimization terminated successfully,NexaVest Equity Minimum Variance,Equity,min_variance
2022-12-02,2021-12-02,2022-12-01,2023-01-03,252,50,0.10572376308411616,0.00010572376308411615,True,False,Optimization terminated successfully,NexaVest Equity Minimum Variance,Equity,min_variance
2023-01-04,2022-01-03,2023-01-03,2023-02-02,252,50,0.032399190564858904,3.23991905648589e-05,True,False,Optimization terminated successfully,NexaVest Equity Minimum Variance,Equity,min_variance
2023-02-03,2022-02-02,2023-02-02,2023-03-06,252,50,0.04763827974871608,4.763827974871608e-05,True,False,Optimization terminated successfully,NexaVest Equity Minimum Variance,Equity,min_variance
2023-03-07,2022-03-04,2023-03-06,2023-04-04,252,50,0.04363036551635356,4.363036551635357e-05,True,False,Optimization terminated successfully,NexaVest Equity Minimum Variance,Equity,min_variance
2023-04-05,2022-04-04,2023-04-04,2023-05-04,252,50,0.040588833234166385,4.058883323416639e-05,True,False,Optimization terminated successfully,NexaVest Equity Minimum Variance,Equity,min_variance
2023-05-05,2022-05-04,2023-05-04,2023-06-05,252,50,0.06792962252115693,6.792962252115693e-05,True,False,Optimization terminated successfully,NexaVest Equity Minimum Variance,Equity,min_variance
2023-06-06,2022-06-03,2023-06-05,2023-07-06,252,50,0.08154994013468136,8.154994013468137e-05,True,False,Optimization terminated successfully,NexaVest Equity Minimum Variance,Equity,min_variance
2023-07-07,2022-07-06,2023-07-06,2023-08-04,252,50,0.07895947113166522,7.895947113166523e-05,True,False,Optimization terminated successfully,NexaVest Equity Minimum Variance,Equity,min_variance
2023-08-07,2022-08-04,2023-08-04,2023-09-05,252,50,0.05696211583361856,5.696211583361856e-05,True,False,Optimization terminated successfully,NexaVest Equity Minimum Variance,Equity,min_variance
2023-09-06,2022-09-02,2023-09-05,2023-10-04,252,50,0.03533973654113913,3.533973654113913e-05,True,False,Optimization terminated successfully,NexaVest Equity Minimum Variance,Equity,min_variance
2023-10-05,2022-10-04,2023-10-04,2023-11-02,252,50,0.08018306189529996,8.018306189529996e-05,True,False,Optimization terminated successfully,NexaVest Equity Minimum Variance,Equity,min_variance
2023-11-03,2022-11-02,2023-11-02,2023-12-04,252,50,0.12793593360263528,0.00012793593360263528,True,False,Optimization terminated successfully,NexaVest Equity Minimum Variance,Equity,min_variance
2023-12-05,2022-12-02,2023-12-04,2023-12-29,252,50,0.12796139557400088,0.0001279613955740009,True,False,Optimization terminated successfully,NexaVest Equity Minimum Variance,Equity,min_variance
2021-01-04,2020-01-03,2020-12-31,2021-02-02,252,50,1.0,0.001,True,False,Optimization terminated successfully,NexaVest Equity Maximum Sharpe,Equity,max_sharpe
2021-02-03,2020-02-04,2021-02-02,2021-03-04,252,50,0.20121571249385162,0.00020121571249385163,True,False,Optimization terminated successfully,NexaVest Equity Maximum Sharpe,Equity,max_sharpe
2021-03-05,2020-03-05,2021-03-04,2021-04-05,252,50,0.38470472419482843,0.00038470472419482844,True,False,Optimization terminated successfully,NexaVest Equity Maximum Sharpe,Equity,max_sharpe
2021-04-06,2020-04-03,2021-04-05,2021-05-04,252,50,0.4809534457968687,0.0004809534457968687,True,False,Optimization terminated successfully,NexaVest Equity Maximum Sharpe,Equity,max_sharpe
2021-05-05,2020-05-05,2021-05-04,2021-06-03,252,50,0.3600345731307238,0.0003600345731307238,True,False,Optimization terminated successfully,NexaVest Equity Maximum Sharpe,Equity,max_sharpe
2021-06-04,2020-06-04,2021-06-03,2021-07-02,252,50,0.13766905879742594,0.00013766905879742595,True,False,Optimization terminated successfully,NexaVest Equity Maximum Sharpe,Equity,max_sharpe
2021-07-06,2020-07-06,2021-07-02,2021-08-03,252,50,0.35227602384523593,0.0003522760238452359,True,False,Optimization terminated successfully,NexaVest Equity Maximum Sharpe,Equity,max_sharpe
2021-08-04,2020-08-04,2021-08-03,2021-09-01,252,50,0.22173496445095878,0.00022173496445095878,True,False,Optimization terminated successfully,NexaVest Equity Maximum Sharpe,Equity,max_sharpe
2021-09-02,2020-09-02,2021-09-01,2021-10-01,252,50,0.15159316732284459,0.00015159316732284457,True,False,Optimization terminated successfully,NexaVest Equity Maximum Sharpe,Equity,max_sharpe
2021-10-04,2020-10-02,2021-10-01,2021-11-01,252,50,0.2909592235203562,0.00029095922352035617,True,False,Optimization terminated successfully,NexaVest Equity Maximum Sharpe,Equity,max_sharpe
2021-11-02,2020-11-02,2021-11-01,2021-12-01,252,50,0.34542795405085236,0.00034542795405085236,True,False,Optimization terminated successfully,NexaVest Equity Maximum Sharpe,Equity,max_sharpe
2021-12-02,2020-12-02,2021-12-01,2021-12-31,252,50,0.257965819385349,0.000257965819385349,True,False,Optimization terminated successfully,NexaVest Equity Maximum Sharpe,Equity,max_sharpe
2022-01-03,2021-01-04,2021-12-31,2022-02-01,252,50,0.21927848846112022,0.0002192784884611202,True,False,Optimization terminated successfully,NexaVest Equity Maximum Sharpe,Equity,max_sharpe
2022-02-02,2021-02-03,2022-02-01,2022-03-03,252,50,0.45803134212583996,0.00045803134212583994,True,False,Optimization terminated successfully,NexaVest Equity Maximum Sharpe,Equity,max_sharpe
2022-03-04,2021-03-05,2022-03-03,2022-04-01,252,50,0.2970553371446162,0.00029705533714461616,True,False,Optimization terminated successfully,NexaVest Equity Maximum Sharpe,Equity,max_sharpe
2022-04-04,2021-04-06,2022-04-01,2022-05-03,252,50,0.19387920644031387,0.00019387920644031386,True,False,Optimization terminated successfully,NexaVest Equity Maximum Sharpe,Equity,max_sharpe
2022-05-04,2021-05-05,2022-05-03,2022-06-02,252,50,0.19561057266103263,0.00019561057266103264,True,False,Optimization terminated successfully,NexaVest Equity Maximum Sharpe,Equity,max_sharpe
2022-06-03,2021-06-04,2022-06-02,2022-07-05,252,50,0.3278829626279288,0.0003278829626279288,True,False,Optimization terminated successfully,NexaVest Equity Maximum Sharpe,Equity,max_sharpe
2022-07-06,2021-07-06,2022-07-05,2022-08-03,252,50,0.17839641559915848,0.00017839641559915846,True,False,Optimization terminated successfully,NexaVest Equity Maximum Sharpe,Equity,max_sharpe
2022-08-04,2021-08-04,2022-08-03,2022-09-01,252,50,0.162009064141619,0.000162009064141619,True,False,Optimization terminated successfully,NexaVest Equity Maximum Sharpe,Equity,max_sharpe
2022-09-02,2021-09-02,2022-09-01,2022-10-03,252,50,0.16005566394325932,0.00016005566394325932,True,False,Optimization terminated successfully,NexaVest Equity Maximum Sharpe,Equity,max_sharpe
2022-10-04,2021-10-04,2022-10-03,2022-11-01,252,50,0.03116834490944919,3.116834490944919e-05,True,False,Optimization terminated successfully,NexaVest Equity Maximum Sharpe,Equity,max_sharpe
2022-11-02,2021-11-02,2022-11-01,2022-12-01,252,50,0.2000000000000019,0.0002000000000000019,True,False,Optimization terminated successfully,NexaVest Equity Maximum Sharpe,Equity,max_sharpe
2022-12-02,2021-12-02,2022-12-01,2023-01-03,252,50,0.10009485259025327,0.00010009485259025327,True,False,Optimization terminated successfully,NexaVest Equity Maximum Sharpe,Equity,max_sharpe
2023-01-04,2022-01-03,2023-01-03,2023-02-02,252,50,0.08208362889375684,8.208362889375685e-05,True,False,Optimization terminated successfully,NexaVest Equity Maximum Sharpe,Equity,max_sharpe
2023-02-03,2022-02-02,2023-02-02,2023-03-06,252,50,0.21489736060508807,0.00021489736060508808,True,False,Optimization terminated successfully,NexaVest Equity Maximum Sharpe,Equity,max_sharpe
2023-03-07,2022-03-04,2023-03-06,2023-04-04,252,50,0.27552845607446075,0.0002755284560744608,True,False,Optimization terminated successfully,NexaVest Equity Maximum Sharpe,Equity,max_sharpe
2023-04-05,2022-04-04,2023-04-04,2023-05-04,252,50,0.2404865006933581,0.00024048650069335813,True,False,Optimization terminated successfully,NexaVest Equity Maximum Sharpe,Equity,max_sharpe
2023-05-05,2022-05-04,2023-05-04,2023-06-05,252,50,0.22541050696796025,0.00022541050696796026,True,False,Optimization terminated successfully,NexaVest Equity Maximum Sharpe,Equity,max_sharpe
2023-06-06,2022-06-03,2023-06-05,2023-07-06,252,50,0.25163325693443556,0.00025163325693443555,True,False,Optimization terminated successfully,NexaVest Equity Maximum Sharpe,Equity,max_sharpe
2023-07-07,2022-07-06,2023-07-06,2023-08-04,252,50,0.32776357764853503,0.00032776357764853503,True,False,Optimization terminated successfully,NexaVest Equity Maximum Sharpe,Equity,max_sharpe
2023-08-07,2022-08-04,2023-08-04,2023-09-05,252,50,0.28094630094735307,0.00028094630094735305,True,False,Optimization terminated successfully,NexaVest Equity Maximum Sharpe,Equity,max_sharpe
2023-09-06,2022-09-02,2023-09-05,2023-10-04,252,50,0.10513732989794816,0.00010513732989794814,True,False,Optimization terminated successfully,NexaVest Equity Maximum Sharpe,Equity,max_sharpe
2023-10-05,2022-10-04,2023-10-04,2023-11-02,252,50,0.20766376744407566,0.00020766376744407565,True,False,Optimization terminated successfully,NexaVest Equity Maximum Sharpe,Equity,max_sharpe
2023-11-03,2022-11-02,2023-11-02,2023-12-04,252,50,0.22937899545858814,0.00022937899545858814,True,False,Optimization terminated successfully,NexaVest Equity Maximum Sharpe,Equity,max_sharpe
2023-12-05,2022-12-02,2023-12-04,2023-12-29,252,50,0.30016844386754,0.00030016844386754,True,False,Optimization terminated successfully,NexaVest Equity Maximum Sharpe,Equity,max_sharpe
2021-01-04,2020-01-03,2020-12-31,2021-02-02,252,50,1.0,0.001,True,False,Optimization terminated successfully,NexaVest Equity Risk Parity,Equity,risk_parity
2021-02-03,2020-02-04,2021-02-02,2021-03-04,252,50,0.0034343746844206187,3.4343746844206185e-06,True,False,Optimization terminated successfully,NexaVest Equity Risk Parity,Equity,risk_parity
2021-03-05,2020-03-05,2021-03-04,2021-04-05,252,50,0.007929266832871543,7.929266832871543e-06,True,False,Optimization terminated successfully,NexaVest Equity Risk Parity,Equity,risk_parity
2021-04-06,2020-04-03,2021-04-05,2021-05-04,252,50,0.05179779834161936,5.179779834161936e-05,True,False,Optimization terminated successfully,NexaVest Equity Risk Parity,Equity,risk_parity
2021-05-05,2020-05-05,2021-05-04,2021-06-03,252,50,0.04131477397053172,4.131477397053171e-05,True,False,Optimization terminated successfully,NexaVest Equity Risk Parity,Equity,risk_parity
2021-06-04,2020-06-04,2021-06-03,2021-07-02,252,50,0.028453561141304578,2.845356114130458e-05,True,False,Optimization terminated successfully,NexaVest Equity Risk Parity,Equity,risk_parity
2021-07-06,2020-07-06,2021-07-02,2021-08-03,252,50,0.0409636506601147,4.09636506601147e-05,True,False,Optimization terminated successfully,NexaVest Equity Risk Parity,Equity,risk_parity
2021-08-04,2020-08-04,2021-08-03,2021-09-01,252,50,0.011851183583939556,1.1851183583939556e-05,True,False,Optimization terminated successfully,NexaVest Equity Risk Parity,Equity,risk_parity
2021-09-02,2020-09-02,2021-09-01,2021-10-01,252,50,0.012530222354310186,1.2530222354310186e-05,True,False,Optimization terminated successfully,NexaVest Equity Risk Parity,Equity,risk_parity
2021-10-04,2020-10-02,2021-10-01,2021-11-01,252,50,0.024764827369436856,2.4764827369436857e-05,True,False,Optimization terminated successfully,NexaVest Equity Risk Parity,Equity,risk_parity
2021-11-02,2020-11-02,2021-11-01,2021-12-01,252,50,0.01582918982875048,1.5829189828750477e-05,True,False,Optimization terminated successfully,NexaVest Equity Risk Parity,Equity,risk_parity
2021-12-02,2020-12-02,2021-12-01,2021-12-31,252,50,0.03172020366602237,3.1720203666022376e-05,True,False,Optimization terminated successfully,NexaVest Equity Risk Parity,Equity,risk_parity
2022-01-03,2021-01-04,2021-12-31,2022-02-01,252,50,0.017044401374117252,1.7044401374117253e-05,True,False,Optimization terminated successfully,NexaVest Equity Risk Parity,Equity,risk_parity
2022-02-02,2021-02-03,2022-02-01,2022-03-03,252,50,0.03755142039503271,3.755142039503271e-05,True,False,Optimization terminated successfully,NexaVest Equity Risk Parity,Equity,risk_parity
2022-03-04,2021-03-05,2022-03-03,2022-04-01,252,50,0.03418165653337762,3.418165653337762e-05,True,False,Optimization terminated successfully,NexaVest Equity Risk Parity,Equity,risk_parity
2022-04-04,2021-04-06,2022-04-01,2022-05-03,252,50,0.029449913683507353,2.944991368350735e-05,True,False,Optimization terminated successfully,NexaVest Equity Risk Parity,Equity,risk_parity
2022-05-04,2021-05-05,2022-05-03,2022-06-02,252,50,0.022931795184957166,2.2931795184957165e-05,True,False,Optimization terminated successfully,NexaVest Equity Risk Parity,Equity,risk_parity
2022-06-03,2021-06-04,2022-06-02,2022-07-05,252,50,0.03281585637628186,3.281585637628186e-05,True,False,Optimization terminated successfully,NexaVest Equity Risk Parity,Equity,risk_parity
2022-07-06,2021-07-06,2022-07-05,2022-08-03,252,50,0.01965353257731614,1.965353257731614e-05,True,False,Optimization terminated successfully,NexaVest Equity Risk Parity,Equity,risk_parity
2022-08-04,2021-08-04,2022-08-03,2022-09-01,252,50,0.012282866724274732,1.2282866724274733e-05,True,False,Optimization terminated successfully,NexaVest Equity Risk Parity,Equity,risk_parity
2022-09-02,2021-09-02,2022-09-01,2022-10-03,252,50,0.010835114321004577,1.0835114321004578e-05,True,False,Optimization terminated successfully,NexaVest Equity Risk Parity,Equity,risk_parity
2022-10-04,2021-10-04,2022-10-03,2022-11-01,252,50,0.022409221731475616,2.2409221731475616e-05,True,False,Optimization terminated successfully,NexaVest Equity Risk Parity,Equity,risk_parity
2022-11-02,2021-11-02,2022-11-01,2022-12-01,252,50,0.015577923115944465,1.5577923115944463e-05,True,False,Optimization terminated successfully,NexaVest Equity Risk Parity,Equity,risk_parity
2022-12-02,2021-12-02,2022-12-01,2023-01-03,252,50,0.020628692657082434,2.0628692657082434e-05,True,False,Optimization terminated successfully,NexaVest Equity Risk Parity,Equity,risk_parity
2023-01-04,2022-01-03,2023-01-03,2023-02-02,252,50,0.00872347259885806,8.723472598858059e-06,True,False,Optimization terminated successfully,NexaVest Equity Risk Parity,Equity,risk_parity
2023-02-03,2022-02-02,2023-02-02,2023-03-06,252,50,0.008705931401578984,8.705931401578983e-06,True,False,Optimization terminated successfully,NexaVest Equity Risk Parity,Equity,risk_parity
2023-03-07,2022-03-04,2023-03-06,2023-04-04,252,50,0.010675850139599293,1.0675850139599292e-05,True,False,Optimization terminated successfully,NexaVest Equity Risk Parity,Equity,risk_parity
2023-04-05,2022-04-04,2023-04-04,2023-05-04,252,50,0.011777107059344734,1.1777107059344735e-05,True,False,Optimization terminated successfully,NexaVest Equity Risk Parity,Equity,risk_parity
2023-05-05,2022-05-04,2023-05-04,2023-06-05,252,50,0.013628744684511215,1.3628744684511215e-05,True,False,Optimization terminated successfully,NexaVest Equity Risk Parity,Equity,risk_parity
2023-06-06,2022-06-03,2023-06-05,2023-07-06,252,50,0.02189343288283524,2.189343288283524e-05,True,False,Optimization terminated successfully,NexaVest Equity Risk Parity,Equity,risk_parity
2023-07-07,2022-07-06,2023-07-06,2023-08-04,252,50,0.016162751240894963,1.6162751240894964e-05,True,False,Optimization terminated successfully,NexaVest Equity Risk Parity,Equity,risk_parity
2023-08-07,2022-08-04,2023-08-04,2023-09-05,252,50,0.011752467156778646,1.1752467156778647e-05,True,False,Optimization terminated successfully,NexaVest Equity Risk Parity,Equity,risk_parity
2023-09-06,2022-09-02,2023-09-05,2023-10-04,252,50,0.008071004100935184,8.071004100935184e-06,True,False,Optimization terminated successfully,NexaVest Equity Risk Parity,Equity,risk_parity
2023-10-05,2022-10-04,2023-10-04,2023-11-02,252,50,0.019519830073504753,1.951983007350475e-05,True,False,Optimization terminated successfully,NexaVest Equity Risk Parity,Equity,risk_parity
2023-11-03,2022-11-02,2023-11-02,2023-12-04,252,50,0.023591188692814333,2.3591188692814332e-05,True,False,Optimization terminated successfully,NexaVest Equity Risk Parity,Equity,risk_parity
2023-12-05,2022-12-02,2023-12-04,2023-12-29,252,50,0.032200776209863564,3.2200776209863566e-05,True,False,Optimization terminated successfully,NexaVest Equity Risk Parity,Equity,risk_parity
2021-01-01,2020-01-02,2020-12-31,2021-01-30,365,10,1.0,0.001,True,False,Deterministic equal-weight rule.,NexaVest Crypto Equal Weight,Crypto,equal_weight
2021-01-31,2020-02-01,2021-01-30,2021-03-01,365,10,0.0,0.0,True,False,Deterministic equal-weight rule.,NexaVest Crypto Equal Weight,Crypto,equal_weight
2021-03-02,2020-03-02,2021-03-01,2021-03-31,365,10,0.0,0.0,True,False,Deterministic equal-weight rule.,NexaVest Crypto Equal Weight,Crypto,equal_weight
2021-04-01,2020-04-01,2021-03-31,2021-04-30,365,10,0.0,0.0,True,False,Deterministic equal-weight rule.,NexaVest Crypto Equal Weight,Crypto,equal_weight
2021-05-01,2020-05-01,2021-04-30,2021-05-30,365,10,0.0,0.0,True,False,Deterministic equal-weight rule.,NexaVest Crypto Equal Weight,Crypto,equal_weight
2021-05-31,2020-05-31,2021-05-30,2021-06-29,365,10,0.0,0.0,True,False,Deterministic equal-weight rule.,NexaVest Crypto Equal Weight,Crypto,equal_weight
2021-06-30,2020-06-30,2021-06-29,2021-07-29,365,10,0.0,0.0,True,False,Deterministic equal-weight rule.,NexaVest Crypto Equal Weight,Crypto,equal_weight
2021-07-30,2020-07-30,2021-07-29,2021-08-28,365,10,0.0,0.0,True,False,Deterministic equal-weight rule.,NexaVest Crypto Equal Weight,Crypto,equal_weight
2021-08-29,2020-08-29,2021-08-28,2021-09-27,365,10,0.0,0.0,True,False,Deterministic equal-weight rule.,NexaVest Crypto Equal Weight,Crypto,equal_weight
2021-09-28,2020-09-28,2021-09-27,2021-10-27,365,10,0.0,0.0,True,False,Deterministic equal-weight rule.,NexaVest Crypto Equal Weight,Crypto,equal_weight
2021-10-28,2020-10-28,2021-10-27,2021-11-26,365,10,0.0,0.0,True,False,Deterministic equal-weight rule.,NexaVest Crypto Equal Weight,Crypto,equal_weight
2021-11-27,2020-11-27,2021-11-26,2021-12-26,365,10,0.0,0.0,True,False,Deterministic equal-weight rule.,NexaVest Crypto Equal Weight,Crypto,equal_weight
2021-12-27,2020-12-27,2021-12-26,2022-01-25,365,10,0.0,0.0,True,False,Deterministic equal-weight rule.,NexaVest Crypto Equal Weight,Crypto,equal_weight
2022-01-26,2021-01-26,2022-01-25,2022-02-24,365,10,0.0,0.0,True,False,Deterministic equal-weight rule.,NexaVest Crypto Equal Weight,Crypto,equal_weight
2022-02-25,2021-02-25,2022-02-24,2022-03-26,365,10,0.0,0.0,True,False,Deterministic equal-weight rule.,NexaVest Crypto Equal Weight,Crypto,equal_weight
2022-03-27,2021-03-27,2022-03-26,2022-04-25,365,10,0.0,0.0,True,False,Deterministic equal-weight rule.,NexaVest Crypto Equal Weight,Crypto,equal_weight
2022-04-26,2021-04-26,2022-04-25,2022-05-25,365,10,0.0,0.0,True,False,Deterministic equal-weight rule.,NexaVest Crypto Equal Weight,Crypto,equal_weight
2022-05-26,2021-05-26,2022-05-25,2022-06-24,365,10,0.0,0.0,True,False,Deterministic equal-weight rule.,NexaVest Crypto Equal Weight,Crypto,equal_weight
2022-06-25,2021-06-25,2022-06-24,2022-07-24,365,10,0.0,0.0,True,False,Deterministic equal-weight rule.,NexaVest Crypto Equal Weight,Crypto,equal_weight
2022-07-25,2021-07-25,2022-07-24,2022-08-23,365,10,0.0,0.0,True,False,Deterministic equal-weight rule.,NexaVest Crypto Equal Weight,Crypto,equal_weight
2022-08-24,2021-08-24,2022-08-23,2022-09-22,365,10,0.0,0.0,True,False,Deterministic equal-weight rule.,NexaVest Crypto Equal Weight,Crypto,equal_weight
2022-09-23,2021-09-23,2022-09-22,2022-10-22,365,10,0.0,0.0,True,False,Deterministic equal-weight rule.,NexaVest Crypto Equal Weight,Crypto,equal_weight
2022-10-23,2021-10-23,2022-10-22,2022-11-21,365,10,0.0,0.0,True,False,Deterministic equal-weight rule.,NexaVest Crypto Equal Weight,Crypto,equal_weight
2022-11-22,2021-11-22,2022-11-21,2022-12-21,365,10,0.0,0.0,True,False,Deterministic equal-weight rule.,NexaVest Crypto Equal Weight,Crypto,equal_weight
2022-12-22,2021-12-22,2022-12-21,2023-01-20,365,10,0.0,0.0,True,False,Deterministic equal-weight rule.,NexaVest Crypto Equal Weight,Crypto,equal_weight
2023-01-21,2022-01-21,2023-01-20,2023-02-19,365,10,0.0,0.0,True,False,Deterministic equal-weight rule.,NexaVest Crypto Equal Weight,Crypto,equal_weight
2023-02-20,2022-02-20,2023-02-19,2023-03-21,365,10,0.0,0.0,True,False,Deterministic equal-weight rule.,NexaVest Crypto Equal Weight,Crypto,equal_weight
2023-03-22,2022-03-22,2023-03-21,2023-04-20,365,10,0.0,0.0,True,False,Deterministic equal-weight rule.,NexaVest Crypto Equal Weight,Crypto,equal_weight
2023-04-21,2022-04-21,2023-04-20,2023-05-20,365,10,0.0,0.0,True,False,Deterministic equal-weight rule.,NexaVest Crypto Equal Weight,Crypto,equal_weight
2023-05-21,2022-05-21,2023-05-20,2023-06-19,365,10,0.0,0.0,True,False,Deterministic equal-weight rule.,NexaVest Crypto Equal Weight,Crypto,equal_weight
2023-06-20,2022-06-20,2023-06-19,2023-07-19,365,10,0.0,0.0,True,False,Deterministic equal-weight rule.,NexaVest Crypto Equal Weight,Crypto,equal_weight
2023-07-20,2022-07-20,2023-07-19,2023-08-18,365,10,0.0,0.0,True,False,Deterministic equal-weight rule.,NexaVest Crypto Equal Weight,Crypto,equal_weight
2023-08-19,2022-08-19,2023-08-18,2023-09-17,365,10,0.0,0.0,True,False,Deterministic equal-weight rule.,NexaVest Crypto Equal Weight,Crypto,equal_weight
2023-09-18,2022-09-18,2023-09-17,2023-10-17,365,10,0.0,0.0,True,False,Deterministic equal-weight rule.,NexaVest Crypto Equal Weight,Crypto,equal_weight
2023-10-18,2022-10-18,2023-10-17,2023-11-16,365,10,0.0,0.0,True,False,Deterministic equal-weight rule.,NexaVest Crypto Equal Weight,Crypto,equal_weight
2023-11-17,2022-11-17,2023-11-16,2023-12-16,365,10,0.0,0.0,True,False,Deterministic equal-weight rule.,NexaVest Crypto Equal Weight,Crypto,equal_weight
2023-12-17,2022-12-17,2023-12-16,2023-12-31,365,10,0.0,0.0,True,False,Deterministic equal-weight rule.,NexaVest Crypto Equal Weight,Crypto,equal_weight
2021-01-01,2020-01-02,2020-12-31,2021-01-30,365,10,1.0,0.001,True,False,Optimization terminated successfully,NexaVest Crypto Minimum Variance,Crypto,min_variance
2021-01-31,2020-02-01,2021-01-30,2021-03-01,365,10,0.21737135368711846,0.00021737135368711847,True,False,Optimization terminated successfully,NexaVest Crypto Minimum Variance,Crypto,min_variance
2021-03-02,2020-03-02,2021-03-01,2021-03-31,365,10,0.177493043622852,0.000177493043622852,True,False,Optimization terminated successfully,NexaVest Crypto Minimum Variance,Crypto,min_variance
2021-04-01,2020-04-01,2021-03-31,2021-04-30,365,10,0.12739608428704877,0.00012739608428704877,True,False,Optimization terminated successfully,NexaVest Crypto Minimum Variance,Crypto,min_variance
2021-05-01,2020-05-01,2021-04-30,2021-05-30,365,10,0.15323106907607606,0.00015323106907607606,True,False,Optimization terminated successfully,NexaVest Crypto Minimum Variance,Crypto,min_variance
2021-05-31,2020-05-31,2021-05-30,2021-06-29,365,10,0.13469353976214354,0.00013469353976214356,True,False,Optimization terminated successfully,NexaVest Crypto Minimum Variance,Crypto,min_variance
2021-06-30,2020-06-30,2021-06-29,2021-07-29,365,10,0.032625373460467594,3.2625373460467595e-05,True,False,Optimization terminated successfully,NexaVest Crypto Minimum Variance,Crypto,min_variance
2021-07-30,2020-07-30,2021-07-29,2021-08-28,365,10,0.008427359435519761,8.427359435519762e-06,True,False,Optimization terminated successfully,NexaVest Crypto Minimum Variance,Crypto,min_variance
2021-08-29,2020-08-29,2021-08-28,2021-09-27,365,10,0.026464538998247134,2.6464538998247134e-05,True,False,Optimization terminated successfully,NexaVest Crypto Minimum Variance,Crypto,min_variance
2021-09-28,2020-09-28,2021-09-27,2021-10-27,365,10,0.030709600799310056,3.0709600799310055e-05,True,False,Optimization terminated successfully,NexaVest Crypto Minimum Variance,Crypto,min_variance
2021-10-28,2020-10-28,2021-10-27,2021-11-26,365,10,0.00802082530087108,8.02082530087108e-06,True,False,Optimization terminated successfully,NexaVest Crypto Minimum Variance,Crypto,min_variance
2021-11-27,2020-11-27,2021-11-26,2021-12-26,365,10,0.038855659611728065,3.8855659611728064e-05,True,False,Optimization terminated successfully,NexaVest Crypto Minimum Variance,Crypto,min_variance
2021-12-27,2020-12-27,2021-12-26,2022-01-25,365,10,0.03590936279019773,3.590936279019773e-05,True,False,Optimization terminated successfully,NexaVest Crypto Minimum Variance,Crypto,min_variance
2022-01-26,2021-01-26,2022-01-25,2022-02-24,365,10,0.11029177850810334,0.00011029177850810334,True,False,Optimization terminated successfully,NexaVest Crypto Minimum Variance,Crypto,min_variance
2022-02-25,2021-02-25,2022-02-24,2022-03-26,365,10,0.045961201853753006,4.596120185375301e-05,True,False,Optimization terminated successfully,NexaVest Crypto Minimum Variance,Crypto,min_variance
2022-03-27,2021-03-27,2022-03-26,2022-04-25,365,10,0.03119217932543724,3.119217932543724e-05,True,False,Optimization terminated successfully,NexaVest Crypto Minimum Variance,Crypto,min_variance
2022-04-26,2021-04-26,2022-04-25,2022-05-25,365,10,0.13991797184398758,0.00013991797184398756,True,False,Optimization terminated successfully,NexaVest Crypto Minimum Variance,Crypto,min_variance
2022-05-26,2021-05-26,2022-05-25,2022-06-24,365,10,0.22377772182457567,0.00022377772182457568,True,False,Optimization terminated successfully,NexaVest Crypto Minimum Variance,Crypto,min_variance
2022-06-25,2021-06-25,2022-06-24,2022-07-24,365,10,0.10176405202423372,0.00010176405202423373,True,False,Optimization terminated successfully,NexaVest Crypto Minimum Variance,Crypto,min_variance
2022-07-25,2021-07-25,2022-07-24,2022-08-23,365,10,0.047241932996192795,4.724193299619279e-05,True,False,Optimization terminated successfully,NexaVest Crypto Minimum Variance,Crypto,min_variance
2022-08-24,2021-08-24,2022-08-23,2022-09-22,365,10,0.16713873626298104,0.00016713873626298103,True,False,Optimization terminated successfully,NexaVest Crypto Minimum Variance,Crypto,min_variance
2022-09-23,2021-09-23,2022-09-22,2022-10-22,365,10,0.059201796670776026,5.920179667077603e-05,True,False,Optimization terminated successfully,NexaVest Crypto Minimum Variance,Crypto,min_variance
2022-10-23,2021-10-23,2022-10-22,2022-11-21,365,10,0.055405918522486546,5.540591852248654e-05,True,False,Optimization terminated successfully,NexaVest Crypto Minimum Variance,Crypto,min_variance
2022-11-22,2021-11-22,2022-11-21,2022-12-21,365,10,0.14569106538681545,0.00014569106538681544,True,False,Optimization terminated successfully,NexaVest Crypto Minimum Variance,Crypto,min_variance
2022-12-22,2021-12-22,2022-12-21,2023-01-20,365,10,0.026957515044004315,2.6957515044004315e-05,True,False,Optimization terminated successfully,NexaVest Crypto Minimum Variance,Crypto,min_variance
2023-01-21,2022-01-21,2023-01-20,2023-02-19,365,10,0.02985448163846307,2.985448163846307e-05,True,False,Optimization terminated successfully,NexaVest Crypto Minimum Variance,Crypto,min_variance
2023-02-20,2022-02-20,2023-02-19,2023-03-21,365,10,0.04211085292093229,4.2110852920932295e-05,True,False,Optimization terminated successfully,NexaVest Crypto Minimum Variance,Crypto,min_variance
2023-03-22,2022-03-22,2023-03-21,2023-04-20,365,10,0.00922217668108373,9.22217668108373e-06,True,False,Optimization terminated successfully,NexaVest Crypto Minimum Variance,Crypto,min_variance
2023-04-21,2022-04-21,2023-04-20,2023-05-20,365,10,0.03662809731815538,3.662809731815538e-05,True,False,Optimization terminated successfully,NexaVest Crypto Minimum Variance,Crypto,min_variance
2023-05-21,2022-05-21,2023-05-20,2023-06-19,365,10,0.026549387279472127,2.6549387279472126e-05,True,False,Optimization terminated successfully,NexaVest Crypto Minimum Variance,Crypto,min_variance
2023-06-20,2022-06-20,2023-06-19,2023-07-19,365,10,0.023761801916846976,2.3761801916846974e-05,True,False,Optimization terminated successfully,NexaVest Crypto Minimum Variance,Crypto,min_variance
2023-07-20,2022-07-20,2023-07-19,2023-08-18,365,10,0.23815447823972527,0.00023815447823972527,True,False,Optimization terminated successfully,NexaVest Crypto Minimum Variance,Crypto,min_variance
2023-08-19,2022-08-19,2023-08-18,2023-09-17,365,10,0.09763856902481746,9.763856902481746e-05,True,False,Optimization terminated successfully,NexaVest Crypto Minimum Variance,Crypto,min_variance
2023-09-18,2022-09-18,2023-09-17,2023-10-17,365,10,0.08651713570938194,8.651713570938194e-05,True,False,Optimization terminated successfully,NexaVest Crypto Minimum Variance,Crypto,min_variance
2023-10-18,2022-10-18,2023-10-17,2023-11-16,365,10,0.025177405310207415,2.5177405310207413e-05,True,False,Optimization terminated successfully,NexaVest Crypto Minimum Variance,Crypto,min_variance
2023-11-17,2022-11-17,2023-11-16,2023-12-16,365,10,0.012940809409905695,1.2940809409905695e-05,True,False,Optimization terminated successfully,NexaVest Crypto Minimum Variance,Crypto,min_variance
2023-12-17,2022-12-17,2023-12-16,2023-12-31,365,10,0.02301042223984195,2.3010422239841952e-05,True,False,Optimization terminated successfully,NexaVest Crypto Minimum Variance,Crypto,min_variance
2021-01-01,2020-01-02,2020-12-31,2021-01-30,365,10,1.0,0.001,True,False,Optimization terminated successfully,NexaVest Crypto Maximum Sharpe,Crypto,max_sharpe
2021-01-31,2020-02-01,2021-01-30,2021-03-01,365,10,0.001480575506467041,1.4805755064670412e-06,True,False,Optimization terminated successfully,NexaVest Crypto Maximum Sharpe,Crypto,max_sharpe
2021-03-02,2020-03-02,2021-03-01,2021-03-31,365,10,0.0006513596016153823,6.513596016153823e-07,True,False,Optimization terminated successfully,NexaVest Crypto Maximum Sharpe,Crypto,max_sharpe
2021-04-01,2020-04-01,2021-03-31,2021-04-30,365,10,0.1346481064851474,0.00013464810648514743,True,False,Optimization terminated successfully,NexaVest Crypto Maximum Sharpe,Crypto,max_sharpe
2021-05-01,2020-05-01,2021-04-30,2021-05-30,365,10,0.04602839049734427,4.602839049734427e-05,True,False,Optimization terminated successfully,NexaVest Crypto Maximum Sharpe,Crypto,max_sharpe
2021-05-31,2020-05-31,2021-05-30,2021-06-29,365,10,0.17844127220854084,0.00017844127220854086,True,False,Optimization terminated successfully,NexaVest Crypto Maximum Sharpe,Crypto,max_sharpe
2021-06-30,2020-06-30,2021-06-29,2021-07-29,365,10,0.029565587245115373,2.956558724511537e-05,True,False,Optimization terminated successfully,NexaVest Crypto Maximum Sharpe,Crypto,max_sharpe
2021-07-30,2020-07-30,2021-07-29,2021-08-28,365,10,0.016358011520156736,1.6358011520156734e-05,True,False,Optimization terminated successfully,NexaVest Crypto Maximum Sharpe,Crypto,max_sharpe
2021-08-29,2020-08-29,2021-08-28,2021-09-27,365,10,0.07170577510180914,7.170577510180914e-05,True,False,Optimization terminated successfully,NexaVest Crypto Maximum Sharpe,Crypto,max_sharpe
2021-09-28,2020-09-28,2021-09-27,2021-10-27,365,10,0.0717057751018085,7.170577510180851e-05,True,False,Optimization terminated successfully,NexaVest Crypto Maximum Sharpe,Crypto,max_sharpe
2021-10-28,2020-10-28,2021-10-27,2021-11-26,365,10,0.011926514921415894,1.1926514921415894e-05,True,False,Optimization terminated successfully,NexaVest Crypto Maximum Sharpe,Crypto,max_sharpe
2021-11-27,2020-11-27,2021-11-26,2021-12-26,365,10,0.086412838897657,8.6412838897657e-05,True,False,Optimization terminated successfully,NexaVest Crypto Maximum Sharpe,Crypto,max_sharpe
2021-12-27,2020-12-27,2021-12-26,2022-01-25,365,10,0.1882753281166898,0.00018827532811668978,True,False,Optimization terminated successfully,NexaVest Crypto Maximum Sharpe,Crypto,max_sharpe
2022-01-26,2021-01-26,2022-01-25,2022-02-24,365,10,0.23897747407697517,0.00023897747407697519,True,False,Optimization terminated successfully,NexaVest Crypto Maximum Sharpe,Crypto,max_sharpe
2022-02-25,2021-02-25,2022-02-24,2022-03-26,365,10,0.30000000000000016,0.0003000000000000002,True,False,Optimization terminated successfully,NexaVest Crypto Maximum Sharpe,Crypto,max_sharpe
2022-03-27,2021-03-27,2022-03-26,2022-04-25,365,10,2.550198316556212e-16,2.550198316556212e-19,True,False,Optimization terminated successfully,NexaVest Crypto Maximum Sharpe,Crypto,max_sharpe
2022-04-26,2021-04-26,2022-04-25,2022-05-25,365,10,0.40000000000000024,0.0004000000000000003,True,False,Optimization terminated successfully,NexaVest Crypto Maximum Sharpe,Crypto,max_sharpe
2022-05-26,2021-05-26,2022-05-25,2022-06-24,365,10,0.6000000000000004,0.0006000000000000005,True,False,Optimization terminated successfully,NexaVest Crypto Maximum Sharpe,Crypto,max_sharpe
2022-06-25,2021-06-25,2022-06-24,2022-07-24,365,10,0.20000000000000076,0.00020000000000000074,True,False,Optimization terminated successfully,NexaVest Crypto Maximum Sharpe,Crypto,max_sharpe
2022-07-25,2021-07-25,2022-07-24,2022-08-23,365,10,0.10000000000000057,0.00010000000000000057,True,False,Optimization terminated successfully,NexaVest Crypto Maximum Sharpe,Crypto,max_sharpe
2022-08-24,2021-08-24,2022-08-23,2022-09-22,365,10,0.30000000000000004,0.00030000000000000003,True,False,Optimization terminated successfully,NexaVest Crypto Maximum Sharpe,Crypto,max_sharpe
2022-09-23,2021-09-23,2022-09-22,2022-10-22,365,10,0.30000000000000016,0.0003000000000000002,True,False,Optimization terminated successfully,NexaVest Crypto Maximum Sharpe,Crypto,max_sharpe
2022-10-23,2021-10-23,2022-10-22,2022-11-21,365,10,1.0718966021640454e-15,1.0718966021640454e-18,True,False,Optimization terminated successfully,NexaVest Crypto Maximum Sharpe,Crypto,max_sharpe
2022-11-22,2021-11-22,2022-11-21,2022-12-21,365,10,0.10000000000000014,0.00010000000000000013,True,False,Optimization terminated successfully,NexaVest Crypto Maximum Sharpe,Crypto,max_sharpe
2022-12-22,2021-12-22,2022-12-21,2023-01-20,365,10,0.20000000000000034,0.00020000000000000036,True,False,Optimization terminated successfully,NexaVest Crypto Maximum Sharpe,Crypto,max_sharpe
2023-01-21,2022-01-21,2023-01-20,2023-02-19,365,10,4.745290616981034e-16,4.745290616981034e-19,True,False,Optimization terminated successfully,NexaVest Crypto Maximum Sharpe,Crypto,max_sharpe
2023-02-20,2022-02-20,2023-02-19,2023-03-21,365,10,0.10000000000000107,0.00010000000000000106,True,False,Optimization terminated successfully,NexaVest Crypto Maximum Sharpe,Crypto,max_sharpe
2023-03-22,2022-03-22,2023-03-21,2023-04-20,365,10,8.368859486954538e-16,8.368859486954538e-19,True,False,Optimization terminated successfully,NexaVest Crypto Maximum Sharpe,Crypto,max_sharpe
2023-04-21,2022-04-21,2023-04-20,2023-05-20,365,10,0.10000000000000026,0.00010000000000000026,True,False,Optimization terminated successfully,NexaVest Crypto Maximum Sharpe,Crypto,max_sharpe
2023-05-21,2022-05-21,2023-05-20,2023-06-19,365,10,0.20000000000000207,0.00020000000000000204,True,False,Optimization terminated successfully,NexaVest Crypto Maximum Sharpe,Crypto,max_sharpe
2023-06-20,2022-06-20,2023-06-19,2023-07-19,365,10,0.4000000000000009,0.0004000000000000009,True,False,Optimization terminated successfully,NexaVest Crypto Maximum Sharpe,Crypto,max_sharpe
2023-07-20,2022-07-20,2023-07-19,2023-08-18,365,10,0.4000000000000014,0.00040000000000000143,True,False,Optimization terminated successfully,NexaVest Crypto Maximum Sharpe,Crypto,max_sharpe
2023-08-19,2022-08-19,2023-08-18,2023-09-17,365,10,0.2999999999999999,0.00029999999999999987,True,False,Optimization terminated successfully,NexaVest Crypto Maximum Sharpe,Crypto,max_sharpe
2023-09-18,2022-09-18,2023-09-17,2023-10-17,365,10,0.15804289088268228,0.0001580428908826823,True,False,Optimization terminated successfully,NexaVest Crypto Maximum Sharpe,Crypto,max_sharpe
2023-10-18,2022-10-18,2023-10-17,2023-11-16,365,10,0.08123593308465774,8.123593308465773e-05,True,False,Optimization terminated successfully,NexaVest Crypto Maximum Sharpe,Crypto,max_sharpe
2023-11-17,2022-11-17,2023-11-16,2023-12-16,365,10,0.08612716975214876,8.612716975214876e-05,True,False,Optimization terminated successfully,NexaVest Crypto Maximum Sharpe,Crypto,max_sharpe
2023-12-17,2022-12-17,2023-12-16,2023-12-31,365,10,0.1934001703793346,0.00019340017037933462,True,False,Optimization terminated successfully,NexaVest Crypto Maximum Sharpe,Crypto,max_sharpe
2021-01-01,2020-01-02,2020-12-31,2021-01-30,365,10,1.0,0.001,True,False,Optimization terminated successfully,NexaVest Crypto Risk Parity,Crypto,risk_parity
2021-01-31,2020-02-01,2021-01-30,2021-03-01,365,10,0.017161544606063943,1.7161544606063944e-05,True,False,Optimization terminated successfully,NexaVest Crypto Risk Parity,Crypto,risk_parity
2021-03-02,2020-03-02,2021-03-01,2021-03-31,365,10,0.009082859112586876,9.082859112586876e-06,True,False,Optimization terminated successfully,NexaVest Crypto Risk Parity,Crypto,risk_parity
2021-04-01,2020-04-01,2021-03-31,2021-04-30,365,10,0.019875032847619448,1.987503284761945e-05,True,False,Optimization terminated successfully,NexaVest Crypto Risk Parity,Crypto,risk_parity
2021-05-01,2020-05-01,2021-04-30,2021-05-30,365,10,0.021720931109936656,2.1720931109936656e-05,True,False,Optimization terminated successfully,NexaVest Crypto Risk Parity,Crypto,risk_parity
2021-05-31,2020-05-31,2021-05-30,2021-06-29,365,10,0.032331822824170985,3.233182282417099e-05,True,False,Optimization terminated successfully,NexaVest Crypto Risk Parity,Crypto,risk_parity
2021-06-30,2020-06-30,2021-06-29,2021-07-29,365,10,0.00482334309472348,4.8233430947234795e-06,True,False,Optimization terminated successfully,NexaVest Crypto Risk Parity,Crypto,risk_parity
2021-07-30,2020-07-30,2021-07-29,2021-08-28,365,10,0.0028914541226300466,2.891454122630047e-06,True,False,Optimization terminated successfully,NexaVest Crypto Risk Parity,Crypto,risk_parity
2021-08-29,2020-08-29,2021-08-28,2021-09-27,365,10,0.00421610035591008,4.216100355910079e-06,True,False,Optimization terminated successfully,NexaVest Crypto Risk Parity,Crypto,risk_parity
2021-09-28,2020-09-28,2021-09-27,2021-10-27,365,10,0.005993631434204914,5.993631434204914e-06,True,False,Optimization terminated successfully,NexaVest Crypto Risk Parity,Crypto,risk_parity
2021-10-28,2020-10-28,2021-10-27,2021-11-26,365,10,0.00182399363967449,1.82399363967449e-06,True,False,Optimization terminated successfully,NexaVest Crypto Risk Parity,Crypto,risk_parity
2021-11-27,2020-11-27,2021-11-26,2021-12-26,365,10,0.008285498571574644,8.285498571574645e-06,True,False,Optimization terminated successfully,NexaVest Crypto Risk Parity,Crypto,risk_parity
2021-12-27,2020-12-27,2021-12-26,2022-01-25,365,10,0.007904794319810587,7.904794319810587e-06,True,False,Optimization terminated successfully,NexaVest Crypto Risk Parity,Crypto,risk_parity
2022-01-26,2021-01-26,2022-01-25,2022-02-24,365,10,0.013146907908099643,1.3146907908099642e-05,True,False,Optimization terminated successfully,NexaVest Crypto Risk Parity,Crypto,risk_parity
2022-02-25,2021-02-25,2022-02-24,2022-03-26,365,10,0.004856379262137625,4.856379262137625e-06,True,False,Optimization terminated successfully,NexaVest Crypto Risk Parity,Crypto,risk_parity
2022-03-27,2021-03-27,2022-03-26,2022-04-25,365,10,0.0037480437480488446,3.7480437480488444e-06,True,False,Optimization terminated successfully,NexaVest Crypto Risk Parity,Crypto,risk_parity
2022-04-26,2021-04-26,2022-04-25,2022-05-25,365,10,0.014399742110826529,1.439974211082653e-05,True,False,Optimization terminated successfully,NexaVest Crypto Risk Parity,Crypto,risk_parity
2022-05-26,2021-05-26,2022-05-25,2022-06-24,365,10,0.035369845934459174,3.536984593445918e-05,True,False,Optimization terminated successfully,NexaVest Crypto Risk Parity,Crypto,risk_parity
2022-06-25,2021-06-25,2022-06-24,2022-07-24,365,10,0.012098251160108937,1.2098251160108937e-05,True,False,Optimization terminated successfully,NexaVest Crypto Risk Parity,Crypto,risk_parity
2022-07-25,2021-07-25,2022-07-24,2022-08-23,365,10,0.005394573644741295,5.394573644741295e-06,True,False,Optimization terminated successfully,NexaVest Crypto Risk Parity,Crypto,risk_parity
2022-08-24,2021-08-24,2022-08-23,2022-09-22,365,10,0.013493956108168836,1.3493956108168836e-05,True,False,Optimization terminated successfully,NexaVest Crypto Risk Parity,Crypto,risk_parity
2022-09-23,2021-09-23,2022-09-22,2022-10-22,365,10,0.01364160364364235,1.364160364364235e-05,True,False,Optimization terminated successfully,NexaVest Crypto Risk Parity,Crypto,risk_parity
2022-10-23,2021-10-23,2022-10-22,2022-11-21,365,10,0.0047387329379189255,4.738732937918925e-06,True,False,Optimization terminated successfully,NexaVest Crypto Risk Parity,Crypto,risk_parity
2022-11-22,2021-11-22,2022-11-21,2022-12-21,365,10,0.012897873772840657,1.2897873772840657e-05,True,False,Optimization terminated successfully,NexaVest Crypto Risk Parity,Crypto,risk_parity
2022-12-22,2021-12-22,2022-12-21,2023-01-20,365,10,0.004940948810900472,4.9409488109004725e-06,True,False,Optimization terminated successfully,NexaVest Crypto Risk Parity,Crypto,risk_parity
2023-01-21,2022-01-21,2023-01-20,2023-02-19,365,10,0.00396328216723308,3.96328216723308e-06,True,False,Optimization terminated successfully,NexaVest Crypto Risk Parity,Crypto,risk_parity
2023-02-20,2022-02-20,2023-02-19,2023-03-21,365,10,0.005846841666439499,5.846841666439499e-06,True,False,Optimization terminated successfully,NexaVest Crypto Risk Parity,Crypto,risk_parity
2023-03-22,2022-03-22,2023-03-21,2023-04-20,365,10,0.006052244141949305,6.052244141949305e-06,True,False,Optimization terminated successfully,NexaVest Crypto Risk Parity,Crypto,risk_parity
2023-04-21,2022-04-21,2023-04-20,2023-05-20,365,10,0.00504786713968642,5.047867139686419e-06,True,False,Optimization terminated successfully,NexaVest Crypto Risk Parity,Crypto,risk_parity
2023-05-21,2022-05-21,2023-05-20,2023-06-19,365,10,0.019563261977321063,1.956326197732106e-05,True,False,Optimization terminated successfully,NexaVest Crypto Risk Parity,Crypto,risk_parity
2023-06-20,2022-06-20,2023-06-19,2023-07-19,365,10,0.010683632298529588,1.0683632298529588e-05,True,False,Optimization terminated successfully,NexaVest Crypto Risk Parity,Crypto,risk_parity
2023-07-20,2022-07-20,2023-07-19,2023-08-18,365,10,0.0419928578902455,4.19928578902455e-05,True,False,Optimization terminated successfully,NexaVest Crypto Risk Parity,Crypto,risk_parity
2023-08-19,2022-08-19,2023-08-18,2023-09-17,365,10,0.011096154252143213,1.1096154252143212e-05,True,False,Optimization terminated successfully,NexaVest Crypto Risk Parity,Crypto,risk_parity
2023-09-18,2022-09-18,2023-09-17,2023-10-17,365,10,0.013259316845234119,1.3259316845234121e-05,True,False,Optimization terminated successfully,NexaVest Crypto Risk Parity,Crypto,risk_parity
2023-10-18,2022-10-18,2023-10-17,2023-11-16,365,10,0.00649235400187196,6.49235400187196e-06,True,False,Optimization terminated successfully,NexaVest Crypto Risk Parity,Crypto,risk_parity
2023-11-17,2022-11-17,2023-11-16,2023-12-16,365,10,0.011916429133818747,1.1916429133818747e-05,True,False,Optimization terminated successfully,NexaVest Crypto Risk Parity,Crypto,risk_parity
2023-12-17,2022-12-17,2023-12-16,2023-12-31,365,10,0.010225788219749683,1.0225788219749683e-05,True,False,Optimization terminated successfully,NexaVest Crypto Risk Parity,Crypto,risk_parity
2021-01-04,2020-01-03,2020-12-31,2021-02-02,252,60,1.0,0.001,True,False,Deterministic equal-weight rule.,NexaVest Combined Equal Weight,Combined,equal_weight
2021-02-03,2020-02-04,2021-02-02,2021-03-04,252,60,0.0,0.0,True,False,Deterministic equal-weight rule.,NexaVest Combined Equal Weight,Combined,equal_weight
2021-03-05,2020-03-05,2021-03-04,2021-04-05,252,60,0.0,0.0,True,False,Deterministic equal-weight rule.,NexaVest Combined Equal Weight,Combined,equal_weight
2021-04-06,2020-04-03,2021-04-05,2021-05-04,252,60,0.0,0.0,True,False,Deterministic equal-weight rule.,NexaVest Combined Equal Weight,Combined,equal_weight
2021-05-05,2020-05-05,2021-05-04,2021-06-03,252,60,0.0,0.0,True,False,Deterministic equal-weight rule.,NexaVest Combined Equal Weight,Combined,equal_weight
2021-06-04,2020-06-04,2021-06-03,2021-07-02,252,60,0.0,0.0,True,False,Deterministic equal-weight rule.,NexaVest Combined Equal Weight,Combined,equal_weight
2021-07-06,2020-07-06,2021-07-02,2021-08-03,252,60,0.0,0.0,True,False,Deterministic equal-weight rule.,NexaVest Combined Equal Weight,Combined,equal_weight
2021-08-04,2020-08-04,2021-08-03,2021-09-01,252,60,0.0,0.0,True,False,Deterministic equal-weight rule.,NexaVest Combined Equal Weight,Combined,equal_weight
2021-09-02,2020-09-02,2021-09-01,2021-10-01,252,60,0.0,0.0,True,False,Deterministic equal-weight rule.,NexaVest Combined Equal Weight,Combined,equal_weight
2021-10-04,2020-10-02,2021-10-01,2021-11-01,252,60,0.0,0.0,True,False,Deterministic equal-weight rule.,NexaVest Combined Equal Weight,Combined,equal_weight
2021-11-02,2020-11-02,2021-11-01,2021-12-01,252,60,0.0,0.0,True,False,Deterministic equal-weight rule.,NexaVest Combined Equal Weight,Combined,equal_weight
2021-12-02,2020-12-02,2021-12-01,2021-12-31,252,60,0.0,0.0,True,False,Deterministic equal-weight rule.,NexaVest Combined Equal Weight,Combined,equal_weight
2022-01-03,2021-01-04,2021-12-31,2022-02-01,252,60,0.0,0.0,True,False,Deterministic equal-weight rule.,NexaVest Combined Equal Weight,Combined,equal_weight
2022-02-02,2021-02-03,2022-02-01,2022-03-03,252,60,0.0,0.0,True,False,Deterministic equal-weight rule.,NexaVest Combined Equal Weight,Combined,equal_weight
2022-03-04,2021-03-05,2022-03-03,2022-04-01,252,60,0.0,0.0,True,False,Deterministic equal-weight rule.,NexaVest Combined Equal Weight,Combined,equal_weight
2022-04-04,2021-04-06,2022-04-01,2022-05-03,252,60,0.0,0.0,True,False,Deterministic equal-weight rule.,NexaVest Combined Equal Weight,Combined,equal_weight
2022-05-04,2021-05-05,2022-05-03,2022-06-02,252,60,0.0,0.0,True,False,Deterministic equal-weight rule.,NexaVest Combined Equal Weight,Combined,equal_weight
2022-06-03,2021-06-04,2022-06-02,2022-07-05,252,60,0.0,0.0,True,False,Deterministic equal-weight rule.,NexaVest Combined Equal Weight,Combined,equal_weight
2022-07-06,2021-07-06,2022-07-05,2022-08-03,252,60,0.0,0.0,True,False,Deterministic equal-weight rule.,NexaVest Combined Equal Weight,Combined,equal_weight
2022-08-04,2021-08-04,2022-08-03,2022-09-01,252,60,0.0,0.0,True,False,Deterministic equal-weight rule.,NexaVest Combined Equal Weight,Combined,equal_weight
2022-09-02,2021-09-02,2022-09-01,2022-10-03,252,60,0.0,0.0,True,False,Deterministic equal-weight rule.,NexaVest Combined Equal Weight,Combined,equal_weight
2022-10-04,2021-10-04,2022-10-03,2022-11-01,252,60,0.0,0.0,True,False,Deterministic equal-weight rule.,NexaVest Combined Equal Weight,Combined,equal_weight
2022-11-02,2021-11-02,2022-11-01,2022-12-01,252,60,0.0,0.0,True,False,Deterministic equal-weight rule.,NexaVest Combined Equal Weight,Combined,equal_weight
2022-12-02,2021-12-02,2022-12-01,2023-01-03,252,60,0.0,0.0,True,False,Deterministic equal-weight rule.,NexaVest Combined Equal Weight,Combined,equal_weight
2023-01-04,2022-01-03,2023-01-03,2023-02-02,252,60,0.0,0.0,True,False,Deterministic equal-weight rule.,NexaVest Combined Equal Weight,Combined,equal_weight
2023-02-03,2022-02-02,2023-02-02,2023-03-06,252,60,0.0,0.0,True,False,Deterministic equal-weight rule.,NexaVest Combined Equal Weight,Combined,equal_weight
2023-03-07,2022-03-04,2023-03-06,2023-04-04,252,60,0.0,0.0,True,False,Deterministic equal-weight rule.,NexaVest Combined Equal Weight,Combined,equal_weight
2023-04-05,2022-04-04,2023-04-04,2023-05-04,252,60,0.0,0.0,True,False,Deterministic equal-weight rule.,NexaVest Combined Equal Weight,Combined,equal_weight
2023-05-05,2022-05-04,2023-05-04,2023-06-05,252,60,0.0,0.0,True,False,Deterministic equal-weight rule.,NexaVest Combined Equal Weight,Combined,equal_weight
2023-06-06,2022-06-03,2023-06-05,2023-07-06,252,60,0.0,0.0,True,False,Deterministic equal-weight rule.,NexaVest Combined Equal Weight,Combined,equal_weight
2023-07-07,2022-07-06,2023-07-06,2023-08-04,252,60,0.0,0.0,True,False,Deterministic equal-weight rule.,NexaVest Combined Equal Weight,Combined,equal_weight
2023-08-07,2022-08-04,2023-08-04,2023-09-05,252,60,0.0,0.0,True,False,Deterministic equal-weight rule.,NexaVest Combined Equal Weight,Combined,equal_weight
2023-09-06,2022-09-02,2023-09-05,2023-10-04,252,60,0.0,0.0,True,False,Deterministic equal-weight rule.,NexaVest Combined Equal Weight,Combined,equal_weight
2023-10-05,2022-10-04,2023-10-04,2023-11-02,252,60,0.0,0.0,True,False,Deterministic equal-weight rule.,NexaVest Combined Equal Weight,Combined,equal_weight
2023-11-03,2022-11-02,2023-11-02,2023-12-04,252,60,0.0,0.0,True,False,Deterministic equal-weight rule.,NexaVest Combined Equal Weight,Combined,equal_weight
2023-12-05,2022-12-02,2023-12-04,2023-12-29,252,60,0.0,0.0,True,False,Deterministic equal-weight rule.,NexaVest Combined Equal Weight,Combined,equal_weight
2021-01-04,2020-01-03,2020-12-31,2021-02-02,252,60,1.0,0.001,True,False,Optimization terminated successfully,NexaVest Combined Minimum Variance,Combined,min_variance
2021-02-03,2020-02-04,2021-02-02,2021-03-04,252,60,0.00866762567885555,8.66762567885555e-06,True,False,Optimization terminated successfully,NexaVest Combined Minimum Variance,Combined,min_variance
2021-03-05,2020-03-05,2021-03-04,2021-04-05,252,60,0.03168802034097737,3.168802034097737e-05,True,False,Optimization terminated successfully,NexaVest Combined Minimum Variance,Combined,min_variance
2021-04-06,2020-04-03,2021-04-05,2021-05-04,252,60,0.19377295497022265,0.00019377295497022265,True,False,Optimization terminated successfully,NexaVest Combined Minimum Variance,Combined,min_variance
2021-05-05,2020-05-05,2021-05-04,2021-06-03,252,60,0.13458747897449416,0.00013458747897449416,True,False,Optimization terminated successfully,NexaVest Combined Minimum Variance,Combined,min_variance
2021-06-04,2020-06-04,2021-06-03,2021-07-02,252,60,0.08793540977563793,8.793540977563795e-05,True,False,Optimization terminated successfully,NexaVest Combined Minimum Variance,Combined,min_variance
2021-07-06,2020-07-06,2021-07-02,2021-08-03,252,60,0.13904893020481837,0.00013904893020481838,True,False,Optimization terminated successfully,NexaVest Combined Minimum Variance,Combined,min_variance
2021-08-04,2020-08-04,2021-08-03,2021-09-01,252,60,0.05210247390664887,5.210247390664887e-05,True,False,Optimization terminated successfully,NexaVest Combined Minimum Variance,Combined,min_variance
2021-09-02,2020-09-02,2021-09-01,2021-10-01,252,60,0.04106202680738469,4.106202680738469e-05,True,False,Optimization terminated successfully,NexaVest Combined Minimum Variance,Combined,min_variance
2021-10-04,2020-10-02,2021-10-01,2021-11-01,252,60,0.1786835668718932,0.0001786835668718932,True,False,Optimization terminated successfully,NexaVest Combined Minimum Variance,Combined,min_variance
2021-11-02,2020-11-02,2021-11-01,2021-12-01,252,60,0.10835034654258519,0.0001083503465425852,True,False,Optimization terminated successfully,NexaVest Combined Minimum Variance,Combined,min_variance
2021-12-02,2020-12-02,2021-12-01,2021-12-31,252,60,0.17290994408896262,0.00017290994408896264,True,False,Optimization terminated successfully,NexaVest Combined Minimum Variance,Combined,min_variance
2022-01-03,2021-01-04,2021-12-31,2022-02-01,252,60,0.10848627759771916,0.00010848627759771916,True,False,Optimization terminated successfully,NexaVest Combined Minimum Variance,Combined,min_variance
2022-02-02,2021-02-03,2022-02-01,2022-03-03,252,60,0.2817951098103897,0.00028179510981038967,True,False,Optimization terminated successfully,NexaVest Combined Minimum Variance,Combined,min_variance
2022-03-04,2021-03-05,2022-03-03,2022-04-01,252,60,0.22046880630392243,0.00022046880630392245,True,False,Optimization terminated successfully,NexaVest Combined Minimum Variance,Combined,min_variance
2022-04-04,2021-04-06,2022-04-01,2022-05-03,252,60,0.14624366665076677,0.00014624366665076676,True,False,Optimization terminated successfully,NexaVest Combined Minimum Variance,Combined,min_variance
2022-05-04,2021-05-05,2022-05-03,2022-06-02,252,60,0.18546595707598357,0.00018546595707598357,True,False,Optimization terminated successfully,NexaVest Combined Minimum Variance,Combined,min_variance
2022-06-03,2021-06-04,2022-06-02,2022-07-05,252,60,0.1931992150794072,0.0001931992150794072,True,False,Optimization terminated successfully,NexaVest Combined Minimum Variance,Combined,min_variance
2022-07-06,2021-07-06,2022-07-05,2022-08-03,252,60,0.1428350912779664,0.0001428350912779664,True,False,Optimization terminated successfully,NexaVest Combined Minimum Variance,Combined,min_variance
2022-08-04,2021-08-04,2022-08-03,2022-09-01,252,60,0.05932988895370944,5.9329888953709445e-05,True,False,Optimization terminated successfully,NexaVest Combined Minimum Variance,Combined,min_variance
2022-09-02,2021-09-02,2022-09-01,2022-10-03,252,60,0.10654088047668703,0.00010654088047668702,True,False,Optimization terminated successfully,NexaVest Combined Minimum Variance,Combined,min_variance
2022-10-04,2021-10-04,2022-10-03,2022-11-01,252,60,0.1628542470323877,0.00016285424703238772,True,False,Optimization terminated successfully,NexaVest Combined Minimum Variance,Combined,min_variance
2022-11-02,2021-11-02,2022-11-01,2022-12-01,252,60,0.07242538605202492,7.242538605202491e-05,True,False,Optimization terminated successfully,NexaVest Combined Minimum Variance,Combined,min_variance
2022-12-02,2021-12-02,2022-12-01,2023-01-03,252,60,0.10589073991939518,0.00010589073991939517,True,False,Optimization terminated successfully,NexaVest Combined Minimum Variance,Combined,min_variance
2023-01-04,2022-01-03,2023-01-03,2023-02-02,252,60,0.03581506671814789,3.581506671814789e-05,True,False,Optimization terminated successfully,NexaVest Combined Minimum Variance,Combined,min_variance
2023-02-03,2022-02-02,2023-02-02,2023-03-06,252,60,0.04930686357044751,4.9306863570447504e-05,True,False,Optimization terminated successfully,NexaVest Combined Minimum Variance,Combined,min_variance
2023-03-07,2022-03-04,2023-03-06,2023-04-04,252,60,0.033766658831774446,3.376665883177444e-05,True,False,Optimization terminated successfully,NexaVest Combined Minimum Variance,Combined,min_variance
2023-04-05,2022-04-04,2023-04-04,2023-05-04,252,60,0.04050917386276184,4.0509173862761835e-05,True,False,Optimization terminated successfully,NexaVest Combined Minimum Variance,Combined,min_variance
2023-05-05,2022-05-04,2023-05-04,2023-06-05,252,60,0.06903158355929856,6.903158355929856e-05,True,False,Optimization terminated successfully,NexaVest Combined Minimum Variance,Combined,min_variance
2023-06-06,2022-06-03,2023-06-05,2023-07-06,252,60,0.08663477668252681,8.663477668252682e-05,True,False,Optimization terminated successfully,NexaVest Combined Minimum Variance,Combined,min_variance
2023-07-07,2022-07-06,2023-07-06,2023-08-04,252,60,0.10381877953507,0.00010381877953507,True,False,Optimization terminated successfully,NexaVest Combined Minimum Variance,Combined,min_variance
2023-08-07,2022-08-04,2023-08-04,2023-09-05,252,60,0.05490055372177967,5.4900553721779663e-05,True,False,Optimization terminated successfully,NexaVest Combined Minimum Variance,Combined,min_variance
2023-09-06,2022-09-02,2023-09-05,2023-10-04,252,60,0.03140084790583553,3.140084790583553e-05,True,False,Optimization terminated successfully,NexaVest Combined Minimum Variance,Combined,min_variance
2023-10-05,2022-10-04,2023-10-04,2023-11-02,252,60,0.0714872981531596,7.148729815315959e-05,True,False,Optimization terminated successfully,NexaVest Combined Minimum Variance,Combined,min_variance
2023-11-03,2022-11-02,2023-11-02,2023-12-04,252,60,0.12667942046372713,0.00012667942046372713,True,False,Optimization terminated successfully,NexaVest Combined Minimum Variance,Combined,min_variance
2023-12-05,2022-12-02,2023-12-04,2023-12-29,252,60,0.13498832823101384,0.00013498832823101382,True,False,Optimization terminated successfully,NexaVest Combined Minimum Variance,Combined,min_variance
2021-01-04,2020-01-03,2020-12-31,2021-02-02,252,60,1.0,0.001,True,False,Optimization terminated successfully,NexaVest Combined Maximum Sharpe,Combined,max_sharpe
2021-02-03,2020-02-04,2021-02-02,2021-03-04,252,60,0.22357059930027873,0.00022357059930027873,True,False,Optimization terminated successfully,NexaVest Combined Maximum Sharpe,Combined,max_sharpe
2021-03-05,2020-03-05,2021-03-04,2021-04-05,252,60,0.3776591593878716,0.0003776591593878716,True,False,Optimization terminated successfully,NexaVest Combined Maximum Sharpe,Combined,max_sharpe
2021-04-06,2020-04-03,2021-04-05,2021-05-04,252,60,0.4385068864676052,0.00043850688646760523,True,False,Optimization terminated successfully,NexaVest Combined Maximum Sharpe,Combined,max_sharpe
2021-05-05,2020-05-05,2021-05-04,2021-06-03,252,60,0.33470802960289725,0.00033470802960289725,True,False,Optimization terminated successfully,NexaVest Combined Maximum Sharpe,Combined,max_sharpe
2021-06-04,2020-06-04,2021-06-03,2021-07-02,252,60,0.24471010759977932,0.0002447101075997793,True,False,Optimization terminated successfully,NexaVest Combined Maximum Sharpe,Combined,max_sharpe
2021-07-06,2020-07-06,2021-07-02,2021-08-03,252,60,0.3864889100111263,0.0003864889100111263,True,False,Optimization terminated successfully,NexaVest Combined Maximum Sharpe,Combined,max_sharpe
2021-08-04,2020-08-04,2021-08-03,2021-09-01,252,60,0.22176499940954758,0.0002217649994095476,True,False,Optimization terminated successfully,NexaVest Combined Maximum Sharpe,Combined,max_sharpe
2021-09-02,2020-09-02,2021-09-01,2021-10-01,252,60,0.18713960352910383,0.00018713960352910385,True,False,Optimization terminated successfully,NexaVest Combined Maximum Sharpe,Combined,max_sharpe
2021-10-04,2020-10-02,2021-10-01,2021-11-01,252,60,0.33733696311416234,0.0003373369631141623,True,False,Optimization terminated successfully,NexaVest Combined Maximum Sharpe,Combined,max_sharpe
2021-11-02,2020-11-02,2021-11-01,2021-12-01,252,60,0.35429079997046914,0.00035429079997046915,True,False,Optimization terminated successfully,NexaVest Combined Maximum Sharpe,Combined,max_sharpe
2021-12-02,2020-12-02,2021-12-01,2021-12-31,252,60,0.27702191554324956,0.0002770219155432496,True,False,Optimization terminated successfully,NexaVest Combined Maximum Sharpe,Combined,max_sharpe
2022-01-03,2021-01-04,2021-12-31,2022-02-01,252,60,0.24436558268670383,0.00024436558268670387,True,False,Optimization terminated successfully,NexaVest Combined Maximum Sharpe,Combined,max_sharpe
2022-02-02,2021-02-03,2022-02-01,2022-03-03,252,60,0.45384941133636336,0.00045384941133636334,True,False,Optimization terminated successfully,NexaVest Combined Maximum Sharpe,Combined,max_sharpe
2022-03-04,2021-03-05,2022-03-03,2022-04-01,252,60,0.30058772637224535,0.00030058772637224534,True,False,Optimization terminated successfully,NexaVest Combined Maximum Sharpe,Combined,max_sharpe
2022-04-04,2021-04-06,2022-04-01,2022-05-03,252,60,0.19877270060145535,0.00019877270060145535,True,False,Optimization terminated successfully,NexaVest Combined Maximum Sharpe,Combined,max_sharpe
2022-05-04,2021-05-05,2022-05-03,2022-06-02,252,60,0.19902981033254086,0.00019902981033254085,True,False,Optimization terminated successfully,NexaVest Combined Maximum Sharpe,Combined,max_sharpe
2022-06-03,2021-06-04,2022-06-02,2022-07-05,252,60,0.3278839479945493,0.0003278839479945493,True,False,Optimization terminated successfully,NexaVest Combined Maximum Sharpe,Combined,max_sharpe
2022-07-06,2021-07-06,2022-07-05,2022-08-03,252,60,0.1783900413476589,0.0001783900413476589,True,False,Optimization terminated successfully,NexaVest Combined Maximum Sharpe,Combined,max_sharpe
2022-08-04,2021-08-04,2022-08-03,2022-09-01,252,60,0.16202246380681976,0.00016202246380681975,True,False,Optimization terminated successfully,NexaVest Combined Maximum Sharpe,Combined,max_sharpe
2022-09-02,2021-09-02,2022-09-01,2022-10-03,252,60,0.16004512405549834,0.00016004512405549834,True,False,Optimization terminated successfully,NexaVest Combined Maximum Sharpe,Combined,max_sharpe
2022-10-04,2021-10-04,2022-10-03,2022-11-01,252,60,0.03116833354778078,3.116833354778078e-05,True,False,Optimization terminated successfully,NexaVest Combined Maximum Sharpe,Combined,max_sharpe
2022-11-02,2021-11-02,2022-11-01,2022-12-01,252,60,0.19999999999994994,0.00019999999999994995,True,False,Optimization terminated successfully,NexaVest Combined Maximum Sharpe,Combined,max_sharpe
2022-12-02,2021-12-02,2022-12-01,2023-01-03,252,60,0.10009488866803425,0.00010009488866803424,True,False,Optimization terminated successfully,NexaVest Combined Maximum Sharpe,Combined,max_sharpe
2023-01-04,2022-01-03,2023-01-03,2023-02-02,252,60,0.08208686880813187,8.208686880813187e-05,True,False,Optimization terminated successfully,NexaVest Combined Maximum Sharpe,Combined,max_sharpe
2023-02-03,2022-02-02,2023-02-02,2023-03-06,252,60,0.21489568099428483,0.00021489568099428486,True,False,Optimization terminated successfully,NexaVest Combined Maximum Sharpe,Combined,max_sharpe
2023-03-07,2022-03-04,2023-03-06,2023-04-04,252,60,0.27553309554147004,0.00027553309554147003,True,False,Optimization terminated successfully,NexaVest Combined Maximum Sharpe,Combined,max_sharpe
2023-04-05,2022-04-04,2023-04-04,2023-05-04,252,60,0.24049034914648987,0.00024049034914648985,True,False,Optimization terminated successfully,NexaVest Combined Maximum Sharpe,Combined,max_sharpe
2023-05-05,2022-05-04,2023-05-04,2023-06-05,252,60,0.22715487830730105,0.00022715487830730105,True,False,Optimization terminated successfully,NexaVest Combined Maximum Sharpe,Combined,max_sharpe
2023-06-06,2022-06-03,2023-06-05,2023-07-06,252,60,0.2568714375615613,0.0002568714375615613,True,False,Optimization terminated successfully,NexaVest Combined Maximum Sharpe,Combined,max_sharpe
2023-07-07,2022-07-06,2023-07-06,2023-08-04,252,60,0.28935079124778723,0.00028935079124778725,True,False,Optimization terminated successfully,NexaVest Combined Maximum Sharpe,Combined,max_sharpe
2023-08-07,2022-08-04,2023-08-04,2023-09-05,252,60,0.18049536569148397,0.00018049536569148396,True,False,Optimization terminated successfully,NexaVest Combined Maximum Sharpe,Combined,max_sharpe
2023-09-06,2022-09-02,2023-09-05,2023-10-04,252,60,0.06409264826735922,6.409264826735922e-05,True,False,Optimization terminated successfully,NexaVest Combined Maximum Sharpe,Combined,max_sharpe
2023-10-05,2022-10-04,2023-10-04,2023-11-02,252,60,0.20892629191350054,0.00020892629191350052,True,False,Optimization terminated successfully,NexaVest Combined Maximum Sharpe,Combined,max_sharpe
2023-11-03,2022-11-02,2023-11-02,2023-12-04,252,60,0.2453508249846893,0.00024535082498468926,True,False,Optimization terminated successfully,NexaVest Combined Maximum Sharpe,Combined,max_sharpe
2023-12-05,2022-12-02,2023-12-04,2023-12-29,252,60,0.3433324907335888,0.0003433324907335888,True,False,Optimization terminated successfully,NexaVest Combined Maximum Sharpe,Combined,max_sharpe
2021-01-04,2020-01-03,2020-12-31,2021-02-02,252,60,1.0,0.001,True,False,Optimization terminated successfully,NexaVest Combined Risk Parity,Combined,risk_parity
2021-02-03,2020-02-04,2021-02-02,2021-03-04,252,60,0.007247907583901768,7.247907583901768e-06,True,False,Optimization terminated successfully,NexaVest Combined Risk Parity,Combined,risk_parity
2021-03-05,2020-03-05,2021-03-04,2021-04-05,252,60,0.009809452816475689,9.809452816475688e-06,True,False,Optimization terminated successfully,NexaVest Combined Risk Parity,Combined,risk_parity
2021-04-06,2020-04-03,2021-04-05,2021-05-04,252,60,0.05999652195133743,5.9996521951337436e-05,True,False,Optimization terminated successfully,NexaVest Combined Risk Parity,Combined,risk_parity
2021-05-05,2020-05-05,2021-05-04,2021-06-03,252,60,0.04241636511890499,4.241636511890499e-05,True,False,Optimization terminated successfully,NexaVest Combined Risk Parity,Combined,risk_parity
2021-06-04,2020-06-04,2021-06-03,2021-07-02,252,60,0.0385751302906768,3.85751302906768e-05,True,False,Optimization terminated successfully,NexaVest Combined Risk Parity,Combined,risk_parity
2021-07-06,2020-07-06,2021-07-02,2021-08-03,252,60,0.042737520487058915,4.273752048705892e-05,True,False,Optimization terminated successfully,NexaVest Combined Risk Parity,Combined,risk_parity
2021-08-04,2020-08-04,2021-08-03,2021-09-01,252,60,0.012149497022728948,1.2149497022728948e-05,True,False,Optimization terminated successfully,NexaVest Combined Risk Parity,Combined,risk_parity
2021-09-02,2020-09-02,2021-09-01,2021-10-01,252,60,0.011758031093231596,1.1758031093231597e-05,True,False,Optimization terminated successfully,NexaVest Combined Risk Parity,Combined,risk_parity
2021-10-04,2020-10-02,2021-10-01,2021-11-01,252,60,0.027378706335303166,2.7378706335303165e-05,True,False,Optimization terminated successfully,NexaVest Combined Risk Parity,Combined,risk_parity
2021-11-02,2020-11-02,2021-11-01,2021-12-01,252,60,0.016874313684483555,1.6874313684483555e-05,True,False,Optimization terminated successfully,NexaVest Combined Risk Parity,Combined,risk_parity
2021-12-02,2020-12-02,2021-12-01,2021-12-31,252,60,0.030379701265940983,3.0379701265940982e-05,True,False,Optimization terminated successfully,NexaVest Combined Risk Parity,Combined,risk_parity
2022-01-03,2021-01-04,2021-12-31,2022-02-01,252,60,0.016250406652482802,1.62504066524828e-05,True,False,Optimization terminated successfully,NexaVest Combined Risk Parity,Combined,risk_parity
2022-02-02,2021-02-03,2022-02-01,2022-03-03,252,60,0.03813177103433083,3.813177103433083e-05,True,False,Optimization terminated successfully,NexaVest Combined Risk Parity,Combined,risk_parity
2022-03-04,2021-03-05,2022-03-03,2022-04-01,252,60,0.03430823653021844,3.430823653021844e-05,True,False,Optimization terminated successfully,NexaVest Combined Risk Parity,Combined,risk_parity
2022-04-04,2021-04-06,2022-04-01,2022-05-03,252,60,0.030339047424765703,3.0339047424765702e-05,True,False,Optimization terminated successfully,NexaVest Combined Risk Parity,Combined,risk_parity
2022-05-04,2021-05-05,2022-05-03,2022-06-02,252,60,0.02416362581529597,2.416362581529597e-05,True,False,Optimization terminated successfully,NexaVest Combined Risk Parity,Combined,risk_parity
2022-06-03,2021-06-04,2022-06-02,2022-07-05,252,60,0.039403525039155216,3.940352503915522e-05,True,False,Optimization terminated successfully,NexaVest Combined Risk Parity,Combined,risk_parity
2022-07-06,2021-07-06,2022-07-05,2022-08-03,252,60,0.021150072607363006,2.115007260736301e-05,True,False,Optimization terminated successfully,NexaVest Combined Risk Parity,Combined,risk_parity
2022-08-04,2021-08-04,2022-08-03,2022-09-01,252,60,0.013699443288021484,1.3699443288021484e-05,True,False,Optimization terminated successfully,NexaVest Combined Risk Parity,Combined,risk_parity
2022-09-02,2021-09-02,2022-09-01,2022-10-03,252,60,0.011500908083753708,1.1500908083753709e-05,True,False,Optimization terminated successfully,NexaVest Combined Risk Parity,Combined,risk_parity
2022-10-04,2021-10-04,2022-10-03,2022-11-01,252,60,0.02524071059326932,2.5240710593269318e-05,True,False,Optimization terminated successfully,NexaVest Combined Risk Parity,Combined,risk_parity
2022-11-02,2021-11-02,2022-11-01,2022-12-01,252,60,0.018147816479533955,1.8147816479533954e-05,True,False,Optimization terminated successfully,NexaVest Combined Risk Parity,Combined,risk_parity
2022-12-02,2021-12-02,2022-12-01,2023-01-03,252,60,0.02137163550546918,2.137163550546918e-05,True,False,Optimization terminated successfully,NexaVest Combined Risk Parity,Combined,risk_parity
2023-01-04,2022-01-03,2023-01-03,2023-02-02,252,60,0.009775067660743583,9.775067660743584e-06,True,False,Optimization terminated successfully,NexaVest Combined Risk Parity,Combined,risk_parity
2023-02-03,2022-02-02,2023-02-02,2023-03-06,252,60,0.009695105899886411,9.69510589988641e-06,True,False,Optimization terminated successfully,NexaVest Combined Risk Parity,Combined,risk_parity
2023-03-07,2022-03-04,2023-03-06,2023-04-04,252,60,0.01020532972401928,1.020532972401928e-05,True,False,Optimization terminated successfully,NexaVest Combined Risk Parity,Combined,risk_parity
2023-04-05,2022-04-04,2023-04-04,2023-05-04,252,60,0.01103177755589893,1.103177755589893e-05,True,False,Optimization terminated successfully,NexaVest Combined Risk Parity,Combined,risk_parity
2023-05-05,2022-05-04,2023-05-04,2023-06-05,252,60,0.012939796194839492,1.2939796194839492e-05,True,False,Optimization terminated successfully,NexaVest Combined Risk Parity,Combined,risk_parity
2023-06-06,2022-06-03,2023-06-05,2023-07-06,252,60,0.02483426593351643,2.483426593351643e-05,True,False,Optimization terminated successfully,NexaVest Combined Risk Parity,Combined,risk_parity
2023-07-07,2022-07-06,2023-07-06,2023-08-04,252,60,0.018021037793653327,1.8021037793653328e-05,True,False,Optimization terminated successfully,NexaVest Combined Risk Parity,Combined,risk_parity
2023-08-07,2022-08-04,2023-08-04,2023-09-05,252,60,0.015737361649842792,1.5737361649842792e-05,True,False,Optimization terminated successfully,NexaVest Combined Risk Parity,Combined,risk_parity
2023-09-06,2022-09-02,2023-09-05,2023-10-04,252,60,0.0104429107911607,1.04429107911607e-05,True,False,Optimization terminated successfully,NexaVest Combined Risk Parity,Combined,risk_parity
2023-10-05,2022-10-04,2023-10-04,2023-11-02,252,60,0.020403713612369652,2.040371361236965e-05,True,False,Optimization terminated successfully,NexaVest Combined Risk Parity,Combined,risk_parity
2023-11-03,2022-11-02,2023-11-02,2023-12-04,252,60,0.02137517510575429,2.137517510575429e-05,True,False,Optimization terminated successfully,NexaVest Combined Risk Parity,Combined,risk_parity
2023-12-05,2022-12-02,2023-12-04,2023-12-29,252,60,0.037482840017658274,3.7482840017658274e-05,True,False,Optimization terminated successfully,NexaVest Combined Risk Parity,Combined,risk_parity
